[
    {
        "id": "73d05d5.c3e09a4",
        "type": "tab",
        "label": "处理小讯控制设备-卧室",
        "disabled": false,
        "info": ""
    },
    {
        "id": "38859f47.7c0e4",
        "type": "debug",
        "z": "73d05d5.c3e09a4",
        "name": "HA设备列表",
        "active": false,
        "tosidebar": true,
        "console": false,
        "tostatus": false,
        "complete": "true",
        "x": 610,
        "y": 235,
        "wires": []
    },
    {
        "id": "75911868.5f25f8",
        "type": "api-render-template",
        "z": "73d05d5.c3e09a4",
        "name": "🔧遍历设备",
        "server": "b130292c.f04318",
        "template": "{% for state in states %}\n{{ state.domain }}||||{{ state.entity_id }}||||{{ state.attributes.friendly_name }}\n  \n{%- endfor %}",
        "x": 305,
        "y": 235,
        "wires": [
            [
                "d170e4e0.a4e988"
            ]
        ]
    },
    {
        "id": "d170e4e0.a4e988",
        "type": "function",
        "z": "73d05d5.c3e09a4",
        "name": "处理",
        "func": "// 判断排除的表不加入缓存\nlet limit_domain = ['switch','media_player','fan','script','light','scene','cover','vacuum','alarm_control_panel']\n//let exclude_domain = ['device_tracker','input_number','binary_sensor','automation','group']\nconst device_list_all = msg.payload.split('\\n').map(it => {\n  const [domain, entity_id, friendly_name] = it.split('||||')\n  return { domain, entity_id, friendly_name }\n})\nconst device_list = device_list_all.filter(it => ~limit_domain.indexOf(it.domain))\nconst list = device_list.map(it => `${it.domain}\\t${it.friendly_name}`).join('\\n')\nflow.set('device_list', device_list)\nnode.status({fill:'green', text: (new Date()).toLocaleTimeString()})\nreturn {device_list, list}",
        "outputs": 1,
        "noerr": 0,
        "x": 460,
        "y": 235,
        "wires": [
            [
                "38859f47.7c0e4"
            ]
        ]
    },
    {
        "id": "9ae07885.f8e818",
        "type": "inject",
        "z": "73d05d5.c3e09a4",
        "name": "每10分钟",
        "topic": "",
        "payload": "",
        "payloadType": "date",
        "repeat": "3600",
        "crontab": "",
        "once": true,
        "onceDelay": "1",
        "x": 135,
        "y": 235,
        "wires": [
            [
                "75911868.5f25f8"
            ]
        ]
    },
    {
        "id": "38bfdf69.daae5",
        "type": "api-call-service",
        "z": "73d05d5.c3e09a4",
        "name": "操作设备",
        "server": "b130292c.f04318",
        "service_domain": "",
        "service": "",
        "data": "",
        "mergecontext": "",
        "x": 805,
        "y": 445,
        "wires": [
            [
                "ef7e926a.602eb"
            ]
        ]
    },
    {
        "id": "26034187.37689e",
        "type": "comment",
        "z": "73d05d5.c3e09a4",
        "name": "小讯asr拦截词",
        "info": "这里主要是配置你对小讯说的话的部分\n\n正常情况你跟小讯说\"早安\"是不会转发给NodeRed的\n\n所以为了能说\"早安\"的时候走你的自定义的流程,需要配置下你先拦截的词语列表\n",
        "x": 115,
        "y": 45,
        "wires": []
    },
    {
        "id": "7f749f17.5873f",
        "type": "comment",
        "z": "73d05d5.c3e09a4",
        "name": "缓存HA设备列表",
        "info": "这个流里主要目的是为了能够定时遍历HA的设备列表\n\n为了给HA设备自动操作的流做准备工作\n\n默认每10分钟执行一次\n\n在保存流后1秒也会自动执行一次\n\n平时无需手动执行此流\n\n调试办法:\n\n可以手动点一次执行按钮,然后看调试窗口,找到HA设备列表调试项,展开list条目,可看到当前HA的设备列表",
        "x": 120,
        "y": 190,
        "wires": []
    },
    {
        "id": "cd824316.0a2f",
        "type": "comment",
        "z": "73d05d5.c3e09a4",
        "name": "HA设备自动判定处理逻辑",
        "info": "此流解决通过操作词进行控制HA设备列表里的设备\n\n可以手动执行缓存HA列表流去看调试信息里的设备列表,然后试图去开关他,支持同时最大控制4个设备\n\n如果设备列表是:\n\n```\nbinary_sensor\t大门状态\nbinary_sensor\t楼梯人体感应\nbinary_sensor\t楼上开关\nbinary_sensor\t大门门铃\nfan\t楼上净化器\nfan\t楼下净化器\ngroup\tAirx空气净化器\ngroup\tall fans\ngroup\tall lights\ngroup\tall switches\ngroup\tall vacuum cleaners\ngroup\t北京\ngroup\t客厅空气检测仪\ngroup\t小米\ninput_select\t亮度\nlight\t小夜灯\nsensor\t主卧湿度\nsensor\t光照度\nsensor\t甲醛\nsensor\t湿度\nsensor\t颗粒物\nsensor\t温度\nsensor\t主卧温度\nsensor\t彩云天气\nswitch\t主卧加湿器\nswitch\t小讯开关\nswitch\t书房插座\nswitch\t楼下FFU\nswitch\t功率插座\nswitch\t楼上FFU\nswitch\tUSB插座\nvacuum\t楼上扫地机器人\n```\n\n\n我们可以这样去控制设备:\n\n```\n打开楼上扫地机器人\n打开小夜灯和主卧加湿器\n关闭书房插座\n```\n",
        "x": 150,
        "y": 379,
        "wires": []
    },
    {
        "id": "350b4537.12cbfa",
        "type": "http in",
        "z": "73d05d5.c3e09a4",
        "name": "",
        "url": "/xiaoxunr1/ha",
        "method": "post",
        "upload": false,
        "swaggerDoc": "",
        "x": 110,
        "y": 439,
        "wires": [
            [
                "ee2ecf0c.e1d78"
            ]
        ]
    },
    {
        "id": "f2055512.03fdd8",
        "type": "function",
        "z": "73d05d5.c3e09a4",
        "name": "TTS文本",
        "func": "// 操作成功文案,可变更成其他词\nvar message = `${msg.tts}成功`\nmsg.payload = {};\nmsg.payload = {\"status\":200,\"message\":message,\"text\":message};\nnode.status({fill:'green', text: `更新:${(new Date()).toLocaleTimeString()} TTS: ${message}`})\nreturn msg;",
        "outputs": 1,
        "noerr": 0,
        "x": 1170,
        "y": 445,
        "wires": [
            [
                "611c38dc.6dc7f8"
            ]
        ],
        "outputLabels": [
            "tts"
        ]
    },
    {
        "id": "ef7e926a.602eb",
        "type": "join",
        "z": "73d05d5.c3e09a4",
        "name": "",
        "mode": "custom",
        "build": "array",
        "property": "payload",
        "propertyType": "msg",
        "key": "topic",
        "joiner": "\\n",
        "joinerType": "str",
        "accumulate": false,
        "timeout": "0.1",
        "count": "",
        "reduceRight": false,
        "reduceExp": "",
        "reduceInit": "",
        "reduceInitType": "",
        "reduceFixup": "",
        "x": 985,
        "y": 445,
        "wires": [
            [
                "f2055512.03fdd8",
                "a5af7b5d.07cae8"
            ]
        ]
    },
    {
        "id": "611c38dc.6dc7f8",
        "type": "http response",
        "z": "73d05d5.c3e09a4",
        "name": "",
        "statusCode": "200",
        "headers": {},
        "x": 1360,
        "y": 445,
        "wires": []
    },
    {
        "id": "ee2ecf0c.e1d78",
        "type": "function",
        "z": "73d05d5.c3e09a4",
        "name": "🔧处理数据",
        "func": "// POST接口\n// 支持两个参数\n// cmd: 必选参数,操作指令,类似\"打开书房插座和小讯开关\"\n// tts: 可选参数,用于找不到设备时的内容返回\n \nconst cmd = msg.payload.cmd || ''\nconst tts = msg.payload.tts || ''\n \n// 服务列表,一般不用动了\nconst service_list = {\n   // 开关词与动作映射,酌情修改\n  'act': {\n    'turn_on': ['打开', '开开', '开启','激活'],\n    'turn_off': ['关闭', '关掉','结束'],\n    'pause':['暂停']\n  },\n  // 特殊设备的开关动作映射\n  'alias': {\n    'cover': { 'turn_on': 'open_cover', 'turn_off': 'close_cover' },\n    'lock': { 'turn_on': 'unlock', 'turn_off': 'lock' },\n    'vacuum': { 'turn_on': 'start', 'turn_off': 'return_to_base' , 'pause': 'pause'}\n  }\n}\n// 自定义HA设备组合\n// 可以随意取个名字来操作同类型的一组设备\n//const custom_device_list = [\n//  {\n//    'domain': 'cover',\n//    'entity_id': 'cover.hassmart_192_168_1_206,cover.hassmart_192_168_1_207',\n//    'friendly_name': '窗帘'\n//  }\n//]\n \n \n//=== 以下内容谨慎修改 ===============================================================\n// 获取HA设备列表,从另外一个流中获取\nlet device_list = flow.get('device_list')\n// 合并自定义设备数据\n//device_list = device_list.concat(custom_device_list)\n// 生成需操作的设备列表\nconst list = device_list.filter(it => {\n  let service = ''\n  for (var key in service_list.act) {\n    if (!!service_list.act[key].filter(it => !!~cmd.indexOf(it)).length) {\n      service = key\n      break\n    }\n  }\n  if (!!~cmd.indexOf(it.friendly_name.toLowerCase()) && service !== '') {\n    const alias = service_list.alias[it.domain]\n    alias && (service = alias[service])\n    return (it.service = service)\n  }\n}).map(it => {\n  it.data = { entity_id: it.entity_id }\n  return it\n})\nconst multi_list = list.map(it => {\n  return { res: msg.res, req: msg.req, payload: it, list, cmd, tts }\n})\nmulti_list.push({ res: msg.res, req: msg.req, payload: {}, list, cmd, tts })\nnode.status({ fill: 'green', text: `更新:${(new Date()).toLocaleTimeString()}` })\nreturn multi_list",
        "outputs": 4,
        "noerr": 0,
        "x": 302,
        "y": 426,
        "wires": [
            [
                "6c6b74b2.d39a4c"
            ],
            [
                "6c6b74b2.d39a4c"
            ],
            [
                "6c6b74b2.d39a4c"
            ],
            [
                "6c6b74b2.d39a4c"
            ]
        ]
    },
    {
        "id": "c3a9d5dc.37e8c8",
        "type": "function",
        "z": "73d05d5.c3e09a4",
        "name": "TTS文本",
        "func": "// 操作失败\nvar message = `嘿嘿,${msg.tts}失败了,没有找到设备`\nmsg.payload = {};\nmsg.payload = {\"status\":200,\"message\":message,\"text\":message};\nnode.status({fill:'green', text: `更新:${(new Date()).toLocaleTimeString()} TTS: ${message}`})\nreturn msg;",
        "outputs": 1,
        "noerr": 0,
        "x": 645,
        "y": 392,
        "wires": [
            [
                "a9112757.dc1e78",
                "86cb6e5e.89e58"
            ]
        ],
        "outputLabels": [
            "msg"
        ]
    },
    {
        "id": "a9112757.dc1e78",
        "type": "http response",
        "z": "73d05d5.c3e09a4",
        "name": "",
        "statusCode": "200",
        "headers": {},
        "x": 807,
        "y": 391,
        "wires": []
    },
    {
        "id": "b78d5dde.bbf61",
        "type": "switch",
        "z": "73d05d5.c3e09a4",
        "name": "",
        "property": "payload.domain",
        "propertyType": "msg",
        "rules": [
            {
                "t": "nnull"
            }
        ],
        "checkall": "true",
        "repair": false,
        "outputs": 1,
        "x": 635,
        "y": 445,
        "wires": [
            [
                "38bfdf69.daae5"
            ]
        ]
    },
    {
        "id": "6c6b74b2.d39a4c",
        "type": "switch",
        "z": "73d05d5.c3e09a4",
        "name": "",
        "property": "list.length",
        "propertyType": "msg",
        "rules": [
            {
                "t": "eq",
                "v": "0",
                "vt": "str"
            },
            {
                "t": "gt",
                "v": "0",
                "vt": "str"
            }
        ],
        "checkall": "true",
        "repair": false,
        "outputs": 2,
        "x": 455,
        "y": 439,
        "wires": [
            [
                "c3a9d5dc.37e8c8"
            ],
            [
                "b78d5dde.bbf61"
            ]
        ]
    },
    {
        "id": "a6bd9627.70d758",
        "type": "http in",
        "z": "73d05d5.c3e09a4",
        "name": "",
        "url": "/xiaoxunr1/skill",
        "method": "post",
        "upload": false,
        "swaggerDoc": "",
        "x": 123,
        "y": 590,
        "wires": [
            [
                "40a2a7f2.b15178",
                "88dbe235.55c86"
            ]
        ]
    },
    {
        "id": "40a2a7f2.b15178",
        "type": "function",
        "z": "73d05d5.c3e09a4",
        "name": "🔧处理数据",
        "func": "// POST接口\n\n// 参数列表\n// cmd: 调试用的操作词\n// asr: 小讯传递上来的asr内容\n// res: 小讯专递上来的res内容\n\nlet queries = []\nlet tts = ''\nmsg.payload.cmd && queries.push(msg.payload.cmd)\ntry { \n     queries.push(msg.payload.payload.text)\n     //queries = JSON.parse(msg.payload).results_recognition\n} catch (e) { }\n//try { queries = JSON.parse(msg.payload.asr).map(it => it.results_recognition) } catch (e) { }\n//try { queries = JSON.parse(msg.payload.asr).response.queries.map(it => it.query) } catch (e) { }\n \ntry {\n  //tts = JSON.parse(msg.payload).text;\n  tts = msg.payload.payload.text;\n} catch (e) {\n  tts = '不懂你说的啥'\n}\n\nconst list = [\n  // 第一种写法,直接转发给HA设备处理\n  {\n    // 操作词数组,需要配置小讯脚本完成拦截\n    alias: ['早安', '早上好'],\n    // 转发给NodeRed的ha设备操作接口\n    proxy: '/xiaoxunr1/ha',\n    // ha设备操作接口需要的指令语句\n    cmd: '打开音乐系统和客厅小讯播放'\n  },\n  // 第二种写法,转发给另外一个接口进行处理\n  {\n    alias: ['晚安'],\n    proxy: '/xiaoxunr1/ha/goodnight'\n  }\n  \n]\n//=== 以下内容谨慎修改 ===============================================================\nmsg.queries = queries\nmsg.list = list\nmsg.tts = tts\nmsg.matched = !!list.filter((item, index) => {\n  item.matched = !!queries.filter(it => ~item.alias.indexOf(it)).length\n  if (item.matched) {\n    msg.matched_index = index\n    msg.matched_item = item\n  }\n  return item.matched\n}).length\n\nnode.status({ fill: 'green', text: `更新:${(new Date()).toLocaleTimeString()} 匹配: ${msg.payload.payload.text} ${msg.matched}` })\n\nreturn msg",
        "outputs": 1,
        "noerr": 0,
        "x": 335,
        "y": 589,
        "wires": [
            [
                "64815d9c.21a664"
            ]
        ]
    },
    {
        "id": "dc92127d.e327a",
        "type": "http response",
        "z": "73d05d5.c3e09a4",
        "name": "",
        "statusCode": "200",
        "headers": {},
        "x": 893,
        "y": 590,
        "wires": [],
        "inputLabels": [
            "msg.payload.tts"
        ]
    },
    {
        "id": "d3512d5e.6160f",
        "type": "comment",
        "z": "73d05d5.c3e09a4",
        "name": "小讯转发主入口",
        "info": "此流用来接收从小讯转发过来的asr里的query词\n\n\n所有的一切都是从这里开始的\n\n思路：\n\n小讯设备转发上来的asr内容在这个流里进行匹配和分发\n\n匹配到后可以直接分发给配置文件中指定的流,每个流都是一个POST接口\n\n如果未匹配到则直接把小讯的asr里的query词取第一个转发给HA的控制流,试图直接使用指令词去控制HA设备的开关\n\n如果HA的控制流没有任何可处理的设备则返回内容空\n\n\n举个例子:\n\n```\nconst list = [\n  // 第一种写法,直接转发给HA设备处理\n  {\n    // 操作词数组,需要配置小讯脚本完成拦截\n    alias: ['早安', '早上好'],\n    // 转发给NodeRed的ha设备操作接口\n    proxy: '/xiaoxun/ha',\n    // ha设备操作接口需要的指令语句\n    cmd: '打开功率插座和小讯开关'\n  },\n  // 第二种写法,转发给另外一个接口进行处理\n  {\n    alias: ['晚安'],\n    proxy: '/xiaoxun/ha/goodnight'\n  },\n  // 同第二种写法,这里演示多传感器信息合并播报\n  {\n    alias: ['室内空气质量'],\n    proxy: '/xiaoxun/ha/airquality'\n  }\n]\n```\n\n上个列表中一共有3组自定义的操作\n\n每组中有3个字段,作用分别是:\n\n\nalias\n```\n这个字段是用于跟小讯的asr里的query数组里的词进行匹配的\n比如小讯的asr的query词是\"早安\"或者是\"早上好\",那么则匹配到第一组配置\n```\n\nproxy\n```\n这个字段是属于转发的uri部分,我们通常是转发给当前NodeRed的其他接口进行处理\n比如/xiaoxun/ha\n这个就是在NodeRed里定义接收操作HA设备的接口URI,默认为post\n```\n\ncmd\n```\n这个是配合proxy字段使用的,主要用于给/xiaoxun/ha传递具体的指令内容\n由于/xiaoxun/ha接口的cmd接收的是类似于\"打开书房插座\"这种指令,所以cmd的取值应该为可以正常操作HA设备的指令词\n```\n",
        "x": 123,
        "y": 545,
        "wires": []
    },
    {
        "id": "a58cbb97.1faff8",
        "type": "debug",
        "z": "73d05d5.c3e09a4",
        "name": "主转发调试",
        "active": true,
        "tosidebar": true,
        "console": false,
        "tostatus": false,
        "complete": "true",
        "x": 723,
        "y": 543,
        "wires": []
    },
    {
        "id": "a5af7b5d.07cae8",
        "type": "debug",
        "z": "73d05d5.c3e09a4",
        "name": "操作HA设备结果",
        "active": true,
        "tosidebar": true,
        "console": false,
        "tostatus": false,
        "complete": "true",
        "x": 1185,
        "y": 397,
        "wires": []
    },
    {
        "id": "1090734d.f5ddcd",
        "type": "comment",
        "z": "73d05d5.c3e09a4",
        "name": "小讯res拦截词",
        "info": "这里主要是配置小讯远端服务器返回的响应内容的匹配部分\n\n大多数情况下,在你说话控制一个不存在的设备的时候,小讯会返回一个操作设备的标志位,已在脚本中进行了主动拦截\n\n但是有一些例外,比如操作智能电视\n\n如遇到未捕获的情况,可以在这里进行配置特定词语,不推荐使用\"没有\"这个词,因为段子和歌曲里都有可能出现这个词",
        "x": 649,
        "y": 40,
        "wires": []
    },
    {
        "id": "75e15b06.628a94",
        "type": "http in",
        "z": "73d05d5.c3e09a4",
        "name": "",
        "url": "/xiaoxunr1/list",
        "method": "get",
        "upload": false,
        "swaggerDoc": "",
        "x": 835,
        "y": 235,
        "wires": [
            [
                "de26dc55.81e4"
            ]
        ]
    },
    {
        "id": "de26dc55.81e4",
        "type": "function",
        "z": "73d05d5.c3e09a4",
        "name": "HTML",
        "func": "const device_list = flow.get('device_list')\nconst list = []\ndevice_list.map(it=>{\n  list.push(`<li>${it.domain} -> ${it.friendly_name}</li>`)\n})\n\nmsg.payload = `\n<!doctype html>\n<html>\n<head>\n<meta charset=\"utf-8\">\n<title>HA设备列表</title>\n</head>\n<body>\n  <ol>\n    ${list.join('')}\n  </ul>\n</body>\n</html>\n`\nreturn msg",
        "outputs": 1,
        "noerr": 0,
        "x": 995,
        "y": 235,
        "wires": [
            [
                "74e5a057.5716f"
            ]
        ]
    },
    {
        "id": "74e5a057.5716f",
        "type": "http response",
        "z": "73d05d5.c3e09a4",
        "name": "",
        "statusCode": "200",
        "headers": {},
        "x": 1150,
        "y": 235,
        "wires": []
    },
    {
        "id": "78a88a38.efef34",
        "type": "comment",
        "z": "73d05d5.c3e09a4",
        "name": "查看HA设备列表",
        "info": "一个简单网页查看HA设备列表\n\n直接打开NodeRed的`http://NodeRed IP/xiaoxun/list`",
        "x": 835,
        "y": 185,
        "wires": []
    },
    {
        "id": "64815d9c.21a664",
        "type": "function",
        "z": "73d05d5.c3e09a4",
        "name": "🔧配置转发",
        "func": "// @fixme: 可能会存在hassio的nodred密码问题,需要结合实际进行调试\n// 如果在前面的流程里找到匹配的设备则转发给对应流程处理\n\nconst tts = msg.tts\n\nif (msg.matched) {\n  // 根据自己的NodeRed地址情况进行修改,如果有密码去后面的http请求里设置下账号密码\n  msg.url = `http://127.0.0.1:1880${msg.matched_item.proxy}`\n  msg.payload = { cmd: msg.matched_item.cmd, tts }\n}\n// 如果没有匹配到则试图转发给HA自动判断\nelse {\n  // 根据自己的NodeRed地址情况进行修改,如果有密码去后面的http请求里设置下账号密码\n  msg.url = `http://127.0.0.1:1880/xiaoxunr1/ha`\n  msg.payload = { cmd: msg.queries[0], tts }\n}\nnode.status({fill:'green', text: `更新:${(new Date()).toLocaleTimeString()} 匹配: ${msg.matched} 预备TTS: ${tts}`})\nreturn msg",
        "outputs": 1,
        "noerr": 0,
        "x": 503,
        "y": 590,
        "wires": [
            [
                "a58cbb97.1faff8",
                "c033674d.10cc98"
            ]
        ]
    },
    {
        "id": "88dbe235.55c86",
        "type": "debug",
        "z": "73d05d5.c3e09a4",
        "name": "小讯输入",
        "active": true,
        "tosidebar": true,
        "console": false,
        "tostatus": false,
        "complete": "payload",
        "x": 357.5,
        "y": 522,
        "wires": []
    },
    {
        "id": "c033674d.10cc98",
        "type": "http request",
        "z": "73d05d5.c3e09a4",
        "name": "",
        "method": "POST",
        "ret": "txt",
        "url": "",
        "tls": "",
        "x": 713,
        "y": 590,
        "wires": [
            [
                "dc92127d.e327a"
            ]
        ]
    },
    {
        "id": "86cb6e5e.89e58",
        "type": "debug",
        "z": "73d05d5.c3e09a4",
        "name": "",
        "active": true,
        "tosidebar": true,
        "console": false,
        "tostatus": false,
        "complete": "false",
        "x": 824.5,
        "y": 330,
        "wires": []
    },
    {
        "id": "b130292c.f04318",
        "type": "server",
        "z": "",
        "name": "HASS",
        "legacy": false
    }
]